太空杯500ml,FGA--102,兰,件,
太空杯500ml,FGA--102,茶,件,
太空杯500ml,FGA--102,黄,件,
太空杯650ml,FGA--103,兰,件,
太空杯650ml,FGA--103,茶,件,
太空杯650ml,FGA--103,黄,件,
太空杯800ml,FGA--104,兰,件,
太空杯800ml,FGA--104,茶,件,
太空杯800ml,FGA--104,黄,件,
太空杯1000ml,FGA--105,兰,件,
太空杯1000ml,FGA--105,茶,件,
太空杯1000ml,FGA--105,黄,件,
太空杯1500ml,FGA--106,兰,件,
太空杯1500ml,FGA--106,茶,件,
太空杯1500ml,FGA--106,黄,件,
太空杯2000ml,FGA--107,兰,件,
太空杯2000ml,FGA--107,茶,件,
新世纪滤叶太空杯500ml,FGA--J1102,透明花瓶,件,
新世纪滤叶太空杯650ml,FGA--J1103,透明花瓶,件,
新世纪滤叶太空杯800ml,FGA--J1104,透明花瓶,件,
新世纪滤叶太空杯1000ml,FGA--J1105,透明花瓶,件,
新世纪滤叶太空杯1500ml,FGA--J1101,透明花瓶,件,
E代500ml幻彩杯,FGA--1106,兰,件,
E代500ml幻彩杯,FGA--1106,黄,件,
E代500ml幻彩杯,FGA--1106,粉红,件,
E代太空杯500ml杯1型,FGA--1106,兰,件,
E代太空杯500ml杯1型,FGA--1106,白,件,
E代太空杯500ml杯1型,FGA--1106,茶,件,
E代太空杯500ml杯1型,FGA--1106,绿,件,
E代太空杯500ml杯1型,FGA--1106,黄,件,
E代太空杯500ml杯1型,FGA--1106,蓝绿,件,
E代太空杯500ml杯1型,FGA--1106,军绿,件,
E代太空杯500ml杯2型,FGA--1106,兰,件,
E代太空杯500ml杯2型,FGA--1106,白,件,
E代太空杯500ml杯2型,FGA--1106,茶,件,
E代太空杯500ml杯2型,FGA--1106,绿,件,
E代太空杯500ml杯2型,FGA--1106,黄,件,
E代太空杯500ml杯2型,FGA--1106,军绿,件,
E代太空杯500ml杯2型,FGA--1106,粉红,件,
E代太空杯500ml杯2型,FGA--1106,蓝绿,件,
E代太空杯500ml杯3型,FGA--1106,兰,件,
E代太空杯500ml杯3型,FGA--1106,白,件,
E代太空杯500ml杯3型,FGA--1106,茶,件,
E代太空杯500ml杯3型,FGA--1106,绿,件,
E代太空杯500ml杯3型,FGA--1106,黄,件,
E代太空杯500ml杯3型,FGA--1106,蓝绿,件,
E代太空杯650ml杯1型,FGA--1107,兰,件,
E代太空杯650ml杯1型,FGA--1107,白,件,
E代太空杯650ml杯1型,FGA--1107,茶,件,
E代太空杯650ml杯1型,FGA--1107,绿,件,
E代太空杯650ml杯1型,FGA--1107,黄,件,
E代太空杯650ml杯1型,FGA--1107,蓝绿,件,
E代太空杯650ml杯1型,FGA--1107,军绿,件,
E代太空杯650ml杯2型,FGA--1107,兰,件,
E代太空杯650ml杯2型,FGA--1107,白,件,
E代太空杯650ml杯2型,FGA--1107,茶,件,
E代太空杯650ml杯2型,FGA--1107,绿,件,
E代太空杯650ml杯2型,FGA--1107,黄,件,
E代太空杯650ml杯2型,FGA--1107,蓝绿,件,
E代太空杯650ml杯2型,FGA--1107,军绿,件,
E代太空杯650ml杯3型,FGA--1107,兰,件,
E代太空杯650ml杯3型,FGA--1107,白,件,
E代太空杯650ml杯3型,FGA--1107,茶,件,
E代太空杯650ml杯3型,FGA--1107,绿,件,
E代太空杯650ml杯3型,FGA--1107,黄,件,
E代太空杯650ml杯3型,FGA--1107,蓝绿,件,
E代太空杯800ml杯1型,FGA--1108,兰,件,
E代太空杯800ml杯1型,FGA--1108,白,件,
E代太空杯800ml杯1型,FGA--1108,茶,件,
E代太空杯800ml杯1型,FGA--1108,绿,件,
E代太空杯800ml杯1型,FGA--1108,黄,件,
E代太空杯800ml杯1型,FGA--1108,蓝绿,件,
E代太空杯800ml杯2型,FGA--1108,兰,件,
E代太空杯800ml杯2型,FGA--1108,白,件,
E代太空杯800ml杯2型,FGA--1108,茶,件,
E代太空杯800ml杯2型,FGA--1108,绿,件,
E代太空杯800ml杯2型,FGA--1108,黄,件,
E代太空杯800ml杯2型,FGA--1108,蓝绿,件,
E代太空杯800ml杯2型,FGA--1108,军绿,件,
E代太空杯800ml杯3型,FGA--1108,兰,件,
E代太空杯800ml杯3型,FGA--1108,白,件,
E代太空杯800ml杯3型,FGA--1108,茶,件,
E代太空杯800ml杯3型,FGA--1108,绿,件,
E代太空杯800ml杯3型,FGA--1108,黄,件,
E代太空杯800ml杯3型,FGA--1108,蓝绿,件,
E代太空杯800ml杯3型,FGA--1108,军绿,件,
E代太空杯1000ml杯1型,FGA--1109,兰,件,
E代太空杯1000ml杯1型,FGA--1109,白,件,
E代太空杯1000ml杯1型,FGA--1109,茶,件,
E代太空杯1000ml杯1型,FGA--1109,绿,件,
E代太空杯1000ml杯1型,FGA--1109,黄,件,
E代太空杯1000ml杯1型,FGA--1109,蓝绿,件,
E代太空杯1000ml杯2型,FGA--1109,兰,件,
E代太空杯1000ml杯2型,FGA--1109,白,件,
E代太空杯1000ml杯2型,FGA--1109,茶,件,
E代太空杯1000ml杯2型,FGA--1109,绿,件,
E代太空杯1000ml杯2型,FGA--1109,黄,件,
E代太空杯1000ml杯2型,FGA--1109,蓝绿,件,
E代太空杯1000ml杯2型,FGA--1109,军绿,件,
E代太空杯1000ml杯3型,FGA--1109,兰,件,
E代太空杯1000ml杯3型,FGA--1109,白,件,
E代太空杯1000ml杯3型,FGA--1109,茶,件,
E代太空杯1000ml杯3型,FGA--1109,绿,件,
E代太空杯1000ml杯3型,FGA--1109,黄,件,
E代太空杯1000ml杯3型,FGA--1109,蓝绿,件,
E代太空杯1000ml杯3型,FGA--1109,军绿,件,
E代太空杯1500ml杯1型,FGA--1110,兰,件,
E代太空杯1500ml杯1型,FGA--1110,白,件,
E代太空杯1500ml杯1型,FGA--1110,茶,件,
E代太空杯1500ml杯1型,FGA--1110,绿,件,
E代太空杯1500ml杯1型,FGA--1110,黄,件,
E代太空杯1500ml杯1型,FGA--1110,蓝绿,件,
E代太空杯1500ml杯3型,FGA--1110,兰,件,
E代太空杯1500ml杯3型,FGA--1110,白,件,
E代太空杯1500ml杯3型,FGA--1110,茶,件,
E代太空杯1500ml杯3型,FGA--1110,绿,件,
E代太空杯1500ml杯3型,FGA--1110,黄,件,
E代太空杯1500ml杯3型,FGA--1110,蓝绿,件,
E代水壶700ml太空杯,FGA168-700,兰,件,
E代水壶700ml太空杯,FGA168-700,军绿,件,
E代水壶900ml太空杯,FGA168-900,兰,件,
E代水壶900ml太空杯,FGA168-900,军绿,件,
动感滤叶太空杯500ml杯1型,FGA--1200,兰,件,
动感滤叶太空杯500ml杯1型,FGA--1200,白,件,
动感滤叶太空杯500ml杯1型,FGA--1200,茶,件,
动感滤叶太空杯500ml杯1型,FGA--1200,绿,件,
动感滤叶太空杯500ml杯1型,FGA--1200,黄,件,
动感滤叶太空杯500ml杯1型,FGA--1200,蓝绿,件,
动感滤叶太空杯500ml杯1型,FGA--1200,粉红,件,
动感滤叶太空杯650ml杯1型,FGA--1201,兰,件,
动感滤叶太空杯650ml杯1型,FGA--1201,白,件,
动感滤叶太空杯650ml杯1型,FGA--1201,茶,件,
动感滤叶太空杯650ml杯1型,FGA--1201,绿,件,
动感滤叶太空杯650ml杯1型,FGA--1201,黄,件,
动感滤叶太空杯650ml杯1型,FGA--1201,蓝绿,件,
动感滤叶太空杯650ml杯1型,FGA--1201,粉红,件,
动感滤叶太空杯800ml杯1型,FGA--1202,兰,件,
动感滤叶太空杯800ml杯1型,FGA--1202,白,件,
动感滤叶太空杯800ml杯1型,FGA--1202,茶,件,
动感滤叶太空杯800ml杯1型,FGA--1202,绿,件,
动感滤叶太空杯800ml杯1型,FGA--1202,黄,件,
动感滤叶太空杯800ml杯1型,FGA--1202,蓝绿,件,
动感滤叶太空杯1000ml杯1型,FGA--1203,兰,件,
动感滤叶太空杯1000ml杯1型,FGA--1203,白,件,
动感滤叶太空杯1000ml杯1型,FGA--1203,茶,件,
动感滤叶太空杯1000ml杯1型,FGA--1203,绿,件,
动感滤叶太空杯1000ml杯1型,FGA--1203,黄,件,
动感滤叶太空杯1000ml杯1型,FGA--1203,蓝绿,件,
动感滤叶太空杯1500ml杯1型,FGA--1204,兰,件,
动感滤叶太空杯1500ml杯1型,FGA--1204,白,件,
动感滤叶太空杯1500ml杯1型,FGA--1204,茶,件,
动感滤叶太空杯1500ml杯1型,FGA--1204,绿,件,
动感滤叶太空杯1500ml杯1型,FGA--1204,黄,件,
动感滤叶太空杯1500ml杯1型,FGA--1204,蓝绿,件,
动感滤叶太空杯2000ml杯1型,FGA--1205,兰,件,
动感滤叶太空杯2000ml杯1型,FGA--1205,白,件,
动感滤叶太空杯2000ml杯1型,FGA--1205,茶,件,
动感滤叶太空杯2000ml杯1型,FGA--1205,绿,件,
动感滤叶太空杯2000ml杯1型,FGA--1205,黄,件,
动感滤叶太空杯2000ml杯1型,FGA--1205,蓝绿,件,
动感滤叶太空杯2800ml杯1型,FGA-1337,兰,件,
动感滤叶太空杯2800ml杯1型,FGA-1337,茶,件,
400ml新动感太空杯1型,FGA121-400,浅兰,件,
400ml新动感太空杯1型,FGA121-400,浅紫,件,
400ml新动感太空杯1型,FGA121-400,黑紫,件,
500ml新动感太空杯1型,FGA121-500,浅兰,件,
500ml新动感太空杯1型,FGA121-500,浅紫,件,
500ml新动感太空杯1型,FGA121-500,黑紫,件,
600ml新动感太空杯1型,FGA121-600,浅兰,件,
600ml新动感太空杯1型,FGA121-600,浅紫,件,
600ml新动感太空杯1型,FGA121-600,黑紫,件,
400ml新动感太空杯2型,FGA122-400,兰,件,
400ml新动感太空杯2型,FGA122-400,紫,件,
400ml新动感太空杯2型,FGA122-400,绿,件,
500ml新动感太空杯2型,FGA122-500,兰,件,
500ml新动感太空杯2型,FGA122-500,紫,件,
500ml新动感太空杯2型,FGA122-500,绿,件,
600ml新动感太空杯2型,FGA122-600,兰,件,
600ml新动感太空杯2型,FGA122-600,紫,件,
600ml新动感太空杯2型,FGA122-600,绿,件,
500ml新动感太空杯3型,FGA123-500,兰,件,
500ml新动感太空杯3型,FGA123-500,紫,件,
600ml新动感太空杯3型,FGA123-600,兰,件,
600ml新动感太空杯3型,FGA123-600,紫,件,
800ml新动感太空杯3型,FGA123-800,浅兰,件,
800ml新动感太空杯3型,FGA123-800,黑紫,件,
1000ml新动感太空杯3型,FGA123-1000,浅兰,件,
1000ml新动感太空杯3型,FGA123-1000,黑紫,件,
400ml新动感太空杯3型-2,FGA123-400,浅兰,件,
400ml新动感太空杯3型-2,FGA123-400,浅紫,件,
500ml新动感太空杯3型-2,FGA123-500,浅兰,件,
500ml新动感太空杯3型-2,FGA123-500,浅紫,件,
600ml新动感太空杯3型-2,FGA123-600,浅兰,件,
600ml新动感太空杯3型-2,FGA123-600,浅紫,件,
650ml动感太空杯5型,FGA118-650,兰色,件,
650ml动感太空杯5型,FGA118-650,黑紫,件,
650ml动感太空杯5型,FGA118-650,白色,件,
800ml动感太空杯5型,FGA118-800,兰色,件,
800ml动感太空杯5型,FGA118-800,黑紫,件,
800ml动感太空杯5型,FGA118-800,白色,件,
A型200ml运动壶,FGQ--1212,混,件,
A型200ml运动壶,FGQ--1212,兰,件,
A型300ml运动壶,FGQ--1210,混,件,
A型300ml运动壶,FGQ--1210,兰,件,
A型400ml运动壶,FGQ--1211,混,件,
A型400ml运动壶,FGQ--1211,兰,件,
A型500ml运动壶,FGQ--1205,混,件,
A型500ml运动壶,FGQ--1205,兰,件,
A型600ml运动壶,FGQ--1206,混,件,
A型600ml运动壶,FGQ--1206,兰,件,
A型800ml运动壶,FGQ--1207,混,件,
A型800ml运动壶,FGQ--1207,兰,件,
A型1000ml运动壶,FGQ--1208,混,件,
A型1000ml运动壶,FGQ--1208,兰,件,
A型1500ml运动壶,FGQ--1209,混,件,
A型1500ml运动壶,FGQ--1209,兰,件,
450ml运动壶3型,FGA138-450,混装,件,
550ml运动壶3型,FGA138-550,混装,件,
650ml运动壶3型,FGA138-650,混装,件,
300ml运动壶4型,FGA139-300,混,件,
300ml运动壶4型,FGA139-300,,件,
400ml运动壶4型,FGA139-400,混,件,
400ml运动壶4型,FGA139-400,,件,
500ml运动壶4型,FGA139-500,混,件,
500ml运动壶4型,FGA139-500,,件,
300ml时尚太空杯,FGA124-300,兰色,件,
300ml时尚太空杯,FGA124-300,淡黄色,件,
300ml时尚太空杯,FGA124-300,黄色,件,
300ml时尚太空杯,FGA124-300,粉红色,件,
400ml时尚太空杯,FGA124-400,黄色,件,
400ml时尚太空杯,FGA124-400,淡黄色,件,
400ml时尚太空杯,FGA124-400,兰色,件,
400ml时尚太空杯,FGA124-400,粉红色,件,
500ml时尚太空杯2型,FGQ--1306,桔,件,
500ml时尚太空杯2型,FGQ--1306,绿,件,
500ml时尚太空杯2型,FGQ--1306,粉红,件,
500ml时尚太空杯2型,FGQ--1306,兰,件,
650ml时尚太空杯2型,FGQ--1307,桔,件,
650ml时尚太空杯2型,FGQ--1307,绿,件,
650ml时尚太空杯2型,FGQ--1307,粉红,件,
650ml时尚太空杯2型,FGQ--1307,兰,件,
800ml时尚太空杯2型,FGQ--1308,桔,件,
800ml时尚太空杯2型,FGQ--1308,绿,件,
800ml时尚太空杯2型,FGQ--1308,粉红,件,
1000ml时尚太空杯2型,FGQ--1309,桔,件,
1000ml时尚太空杯2型,FGQ--1309,绿,件,
1000ml时尚太空杯2型,FGQ--1309,粉红,件,
750ml时尚太空杯5型-1,,,件,
750ml时尚太空杯5型-1,,混装,件,
750ml时尚太空杯5型-2,,,件,
750ml时尚太空杯5型-2,,混装,件,
600ml时尚太空杯6型-1,FGA150-600,蓝色,件,
600ml时尚太空杯6型-1,FGA150-600,绿色,件,
600ml时尚太空杯6型-2,FGA150-600,蓝色,件,
600ml时尚太空杯6型-2,FGA150-600,绿色,件,
800ml时尚太空杯6型-1,FGA150-800,蓝色,件,
800ml时尚太空杯6型-1,FGA150-800,绿色,件,
800ml时尚太空杯6型-2,FGA150-800,蓝色,件,
800ml时尚太空杯6型-2,FGA150-800,绿色,件,
1000ml时尚太空杯6型-1,FGA150-1000,蓝色,件,
1000ml时尚太空杯6型-1,FGA150-1000,绿色,件,
1000ml时尚太空杯6型-2,FGA150-1000,蓝色,件,
1000ml时尚太空杯6型-2,FGA150-1000,绿色,件,
400ml时尚太空杯8型,FGA105-400,兰色,件,
400ml时尚太空杯8型,FGA105-400,绿色,件,
400ml时尚太空杯8型,FGA105-400,茶色,件,
400ml时尚太空杯8型,FGA105-400,桔色,件,
400ml时尚太空杯8型,FGA105-400,粉色,件,
400ml时尚太空杯8型,FGA105-400,混装,件,
600ml时尚太空杯8型,FGA105-600,兰色,件,
600ml时尚太空杯8型,FGA105-600,绿色,件,
600ml时尚太空杯8型,FGA105-600,茶色,件,
600ml时尚太空杯8型,FGA105-600,桔色,件,
600ml时尚太空杯8型,FGA105-600,粉色,件,
600ml时尚太空杯8型,FGA105-600,混装,件,
260富光咔咔水杯,FGA126-260,混色,件,
330富光咔咔水杯,FGA126-330,混色,件,
340富光咔咔水杯,FGA126-340,混色,件,
350富光咔咔水杯,FGA126-350,混色,件,
370富光咔咔水杯,FGA126-370,混色,件,
450富光咔咔水杯,FGA126-450,混色,件,
260咔咔儿童壶,FPH111-260,混色,件,
330咔咔儿童壶,FPH111-330,混色,件,
370咔咔儿童壶,FPH111-370,混色,件,
450咔咔儿童壶,FPH111-450,混色,件,
480咔咔水杯3型,FHP115-480,混色,件,
400ml优优太空杯1型,FGA104-400-1,兰色,件,
400ml优优太空杯1型,FGA104-400-1,粉色,件,
400ml优优太空杯1型,FGA104-400-1,桔色,件,
400ml优优太空杯1型,FGA104-400-1,绿色,件,
400ml优优太空杯1型,FGA104-400-1,混装,件,
400ml优优太空杯2型,,兰色,件,
400ml优优太空杯2型,,粉色,件,
400ml优优太空杯2型,,桔色,件,
400ml优优太空杯2型,,绿色,件,
400ml优优太空杯3型,,兰色,件,
400ml优优太空杯3型,,粉色,件,
400ml优优太空杯3型,,桔色,件,
400ml优优太空杯3型,,绿色,件,
600ml学生壶,FGA107-600,红色,件,
600ml学生壶,FGA107-600,兰色,件,
800ml学生壶,FGA107-800,红色,件,
800ml学生壶,FGA107-800,兰色,件,
600ml学生壶2型,FGA119-600,红卡通,件,
600ml学生壶2型,FGA119-600,卡通,件,
600ml学生壶2型,FGA119-600,男生,件,
600ml学生壶2型,FGA119-600,女生,件,
800ml学生壶2型,FGA119-800,红卡通,件,
800ml学生壶2型,FGA119-800,卡通,件,
800ml学生壶2型,FGA119-800,男生,件,
800ml学生壶2型,FGA119-800,女生,件,
300ml炫耀太空杯,FGA102-300,混装,件,
400ml炫耀太空杯,FGA102-400,混装,件,
500ml炫耀太空杯,FGA102-500,混装,件,
600ml炫耀太空杯,FGA102-600,混装,件,
300ml炫耀太空杯B型,FGA102-300,混装,件,
400ml炫耀太空杯B型,FGA102-400,混装,件,
500ml炫耀太空杯B型,FGA102-500,混装,件,
600ml炫耀太空杯B型,FGA102-600,混装,件,
420ml泡茶师太空杯,FGA--1336,,件,
580ml泡茶师太空杯,FGA--1335,,件,
760ml泡茶师太空杯,FGA--1334,,件,
360ml泡茶师太空杯2型,FGA136-360,兰,件,
360ml泡茶师太空杯2型,FGA136-360,绿,件,
500ml泡茶师太空杯2型,FGA136-500,兰,件,
500ml泡茶师太空杯2型,FGA136-500,绿,件,
E动500ml太空杯,FGA--1342,蓝,件,
E动500ml太空杯,FGA--1342,白,件,
E动500ml太空杯,FGA--1342,茶,件,
E动500ml太空杯,FGA--1342,紫,件,
E动400ml太空杯1型,FGA129-400,兰,件,
E动400ml太空杯1型,FGA129-400,绿,件,
E动400ml太空杯1型,FGA129-400,桔,件,
E动400ml太空杯1型,FGA129-400,粉,件,
E动520ml太空杯1型,FGA129-520,兰,件,
E动520ml太空杯1型,FGA129-520,绿,件,
E动520ml太空杯1型,FGA129-520,桔,件,
E动520ml太空杯1型,FGA129-520,粉,件,
E动600ml太空杯1型,FGA129-600,兰,件,
E动600ml太空杯1型,FGA129-600,绿,件,
E动600ml太空杯1型,FGA129-600,桔,件,
E动600ml太空杯1型,FGA129-600,粉,件,
E动500ml太空杯3型,FGA108-500,黑紫色,件,
E动500ml太空杯3型,FGA108-500,兰色,件,
E动600ml太空杯3型,FGA108-600,黑紫色,件,
E动600ml太空杯3型,FGA108-600,兰色,件,
E动800ml太空杯3型,FGA108-800,黑紫色,件,
E动800ml太空杯3型,FGA108-800,兰色,件,
E动500ml太空杯5型,FGA120-500,兰色,件,
E动500ml太空杯5型,FGA120-500,绿色,件,
E动600ml太空杯5型,FGA120-600,兰色,件,
E动600ml太空杯5型,FGA120-600,绿色,件,
E动800ml太空杯5型,FGA120-800,兰色,件,
E动800ml太空杯5型,FGA120-800,绿色,件,
E动500ml太空杯6型,FGA115-500-6,兰,件,
E动500ml太空杯6型,FGA115-500-6,紫,件,
E动500ml太空杯6型,FGA115-500-6,黑紫,件,
E动650ml太空杯6型,FGA115-650-6,兰,件,
E动650ml太空杯6型,FGA115-650-6,紫,件,
E动650ml太空杯6型,FGA115-650-6,黑紫,件,
E动800ml太空杯6型,FGA115-800-6,兰,件,
E动800ml太空杯6型,FGA115-800-6,紫,件,
E动800ml太空杯6型,FGA115-800-6,黑紫,件,
精品远动壶1型400ml,FGA101-400-1,混 ,件,
精品运动壶1型500ml,FGA101-500-1,混,件,
精品远动壶1型800ml,FGA101-800-1,蓝色,件,
精品远动壶1型800ml,FGA101-800-1,绿色,件,
精品远动壶1型1000ml,FGA101-1000-1,蓝色,件,
精品远动壶1型1000ml,FGA101-1000-1,绿色,件,
精品远动壶1型1500ml,FGA101-1500-1,蓝色,件,
精品远动壶1型1500ml,FGA101-1500-1,绿色,件,
精品运动壶2000ml,FGA101-2000,淡蓝,件,
精品运动壶2000ml,FGA101-2000,淡绿,件,
精品运动壶2600ml,FGA101-2600,淡蓝,件,
精品运动壶2600ml,FGA101-2600,淡绿,件,
精品500ml太空杯,FGA109-500,蓝色,件,
精品500ml太空杯,FGA109-500,粉色,件,
精品650ml太空杯,FGA109-650,蓝色,件,
精品650ml太空杯,FGA109-650,粉色,件,
精品800ml太空杯,FGA109-800,蓝色,件,
精品800ml太空杯,FGA109-800,粉色,件,
350ml精品太空杯5型,FGA128-350,混装,件,
350ml精品太空杯5型,FGA128-350,灰色,件,
350ml精品太空杯5型,FGA128-350,蓝色,件,
350ml精品太空杯5型,FGA128-350,绿色,件,
350ml精品太空杯5型,FGA128-350,粉色,件,
350ml精品太空杯5型,FGA128-350,白色,件,
450ml精品太空杯5型,FGA128-450,混装,件,
450ml精品太空杯5型,FGA128-450,灰色,件,
450ml精品太空杯5型,FGA128-450,紫色,件,
450ml精品太空杯5型,FGA128-450,绿色,件,
450ml精品太空杯5型,FGA128-450,粉色,件,
450ml精品太空杯5型,FGA128-450,白色,件,
600ml精品太空杯5型,FGA128-600,未分色,件,
800ml精品太空杯5型,FGA128-800,未分色,件,
1000ml精品太空杯5型,FGA128-1000,未分色,件,
500子弹头太空杯,FGA130-500,,件,
600子弹头太空杯,FGA130-600,,件,
500ml精品高盖太空杯,FGA103-500,棕色,件,
500ml精品高盖太空杯,FGA103-500,咖啡色,件,
600ml精品高盖太空杯,FGA103-600,,件,
500ml精品高盖2型太空杯,FGA137-500,深蓝色,件,
500ml精品高盖2型太空杯,FGA137-500,浅紫色,件,
600ml精品高盖2型太空杯,FGA137-600,深蓝色,件,
600ml精品高盖2型太空杯,FGA137-600,黑紫色,件,
320ml圆点太空杯,FHP116-320 ,混装,件,
650ml茗香2型太空杯,FGA-132-650,兰色,件,
650ml茗香2型太空杯,FGA-132-650,绿色,件,
（PP）休闲水杯320,FGA207-320,兰,件,
（PP）休闲水杯320,FGA207-320,紫,件,
（PP）休闲水杯380,FGA207-380,绿,件,
（PP）休闲水杯380,FGA207-380,紫,件,
（PP）休闲水杯680,FGA223-680,蓝绿,件,
休闲滤叶杯380ml 2型,FGA200-380-2,兰色,件,
休闲滤叶杯380ml 2型,FGA200-380-2,军绿,件,
休闲滤叶杯380ml 3型,FGA200-380-3,兰色,件,
休闲滤叶杯380ml 3型,FGA200-380-3,,件,
休闲滤叶太空杯400ml,FGA200-400,,件,
休闲滤叶太空杯600ml,FGA200-600,,件,
休闲滤叶口杯680ml-1型,FGA200-680,透明,件,
休闲滤叶口杯680ml-2型,FGA200-680,透明,件,
500ml燕尾太空杯,,兰,件,
500ml燕尾太空杯,,粉红,件,
500ml燕尾太空杯,,混装,件,
650ml燕尾太空杯,,兰,件,
650ml燕尾太空杯,,粉红,件,
650ml燕尾太空杯,,混装,件,
800ml燕尾太空杯,,,件,
1000ml燕尾太空杯,,,件,
500ml燕尾太空杯2型,FGA111-500,混装,件,
500ml燕尾太空杯2型,FGA111-500,兰,件,
500ml燕尾太空杯2型,FGA111-500,白,件,
500ml燕尾太空杯2型,FGA111-500,粉,件,
650ml燕尾太空杯2型,FGA111-650,混装,件,
650ml燕尾太空杯2型,FGA111-650,兰,件,
650ml燕尾太空杯2型,FGA111-650,白,件,
650ml燕尾太空杯2型,FGA111-650,粉,件,
400ml奇兵太空杯,FGA-1346,蓝,件,
400ml奇兵太空杯,FGA-1346,紫,件,
400ml奇兵太空杯,FGA-1346,粉,件,
500ml奇兵太空杯,FGA-1345,粉,件,
500ml奇兵太空杯,FGA-1345,兰,件,
500ml奇兵太空杯,FGA-1345,紫,件,
650ml奇兵太空杯,FGA-1344,粉,件,
650ml奇兵太空杯,FGA-1344,兰,件,
650ml奇兵太空杯,FGA-1344,紫,件,
动力太空杯600ml,FGA--1347,蓝,件,
动力太空杯600ml,FGA--1347,白,件,
动力太空杯1000ml,FGA--1348,蓝,件,
动力太空杯1000ml,FGA--1348,白,件,
动力太空杯2000ml,,蓝,件,
动力太空杯2000ml,,白,件,
400ml超越太空杯2型,FGA--1339-2,蓝,件,
400ml超越太空杯2型,FGA--1339-2,白,件,
500ml超越太空杯2型,FGA--1340-2,蓝,件,
500ml超越太空杯2型,FGA--1340-2,白,件,
达人水壶500ml,FGA100-500_,淡蓝,件,
达人水壶650ml,FGA100-650_,淡蓝,件,
多功能泡杯（小）1型,FGF--701,,件,
多功能泡杯（中）1型,FGF--700,,件,
多功能泡杯（大）1型,FGF--702,,件,
多功能泡杯（小）2型,FGF--739,,件,
多功能泡杯（中）2型,FGF--738,,件,
多功能泡杯（大）2型,FGF--737,,件,
磁化保健杯（小）,FGD--401,,件,
磁化保健杯（中）,FGD--402,,件,
小号富光口杯,FGF--601,,件,
中号富光口杯,FGF--602,,件,
大号富光口杯,FGF--603,,件,
晶致口杯（小）,FGF--712,,件,
晶致口杯（中）,FGF--714,,件,
晶致口杯（大）,FGF--715,,件,
小双莹160ml,FGF-730,军绿,件,
小双莹160ml,FGF-730,咖啡,件,
中双莹220ml,FGF-729,军绿,件,
中双莹220ml,FGF-729,咖啡,件,
大双莹320ml,FGF-728,军绿,件,
大双莹320ml,FGF-728,咖啡,件,
小卓尔,FGF-733,黑,件,
小卓尔,FGF-733,咖啡,件,
中卓尔,FGF-732,黑,件,
中卓尔,FGF-732,咖啡,件,
大卓尔,FGF-731,黑,件,
大卓尔,FGF-731,咖啡,件,
富光(pc)泡茶师220ml  1型,FGF-735,,件,
富光(pc)泡茶师340ml  1型,FGF-734,,件,
富光(pc)泡茶师260ml 2型,FGF-736,,件,
E动口杯320ml 1型,FGF-740,黑,件,
E动口杯320ml 1型,FGF-740,咖啡,件,
E动口杯400ml 1型,FGF-741,黑,件,
E动口杯400ml 1型,FGF-741,咖啡,件,
E动口杯320ml 2型,FGF-758,蓝,件,
E动口杯400ml 2型,FGF-759,蓝,件,
E动口杯280ml 3型,FGA204-280,咖啡色,件,
E动口杯280ml 3型,FGA204-280,深蓝色,件,
E动口杯280ml 3型,FGA204-280,草绿色,件,
E动口杯320ml 3型,FGA204-320,咖啡色,件,
E动口杯320ml 3型,FGA204-320,深蓝色,件,
E动口杯320ml 3型,FGA204-320,草绿色,件,
富光泡杯2型220ml,FGA117-220,淡蓝色,件,
富光泡杯2型220ml,FGA117-220,黑紫色,件,
富光泡杯2型380ml,FGA117-380,淡蓝色,件,
富光泡杯2型380ml,FGA117-380,黑紫色,件,
富光2型300ml口杯,FGA205-300,军绿色,件,
富光2型300ml口杯,FGA205-300,咖啡色,件,
富光2型360ml口杯,FGA205-360,军绿色,件,
富光2型360ml口杯,FGA205-360,咖啡色,件,
欣瑞口杯220ml 1型,FGF-755,金,件,
欣瑞口杯220ml 1型,FGF-755,银,件,
欣瑞口杯320ml 1型,FGF-754,金,件,
欣瑞口杯320ml 1型,FGF-754,银,件,
欣瑞口杯420ml 1型,FGF-760,金,件,
欣瑞口杯420ml 1型,FGF-760,银,件,
欣瑞口杯220ml 2型,FGF-757,金,件,
欣瑞口杯220ml 2型,FGF-757,银,件,
欣瑞口杯320ml 2型,FGF-756,金,件,
欣瑞口杯320ml 2型,FGF-756,银,件,
欣瑞口杯420ml 2型,FGF-761,金,件,
欣瑞口杯420ml 2型,FGF-761,银,件,
欣瑞口杯220ml杯3型,FGA202-220,茶色,件,
欣瑞口杯220ml杯3型,FGA202-220,字,件,
欣瑞口杯220ml杯3型,FGA202-220,圈,件,
欣瑞口杯230ml杯3型,FGA202-230,,件,
欣瑞口杯240ml杯3型,FGA202-240,蓝色,件,
欣瑞口杯240ml杯3型,FGA202-240,咖啡色,件,
欣瑞口杯260ml杯3型,FGA202-260,蓝色,件,
欣瑞口杯260ml杯3型,FGA202-260,咖啡色,件,
欣瑞口杯280ml杯3型,FGA202-280,茶色,件,
欣瑞口杯280ml杯3型,FGA202-280,字,件,
欣瑞口杯280ml杯3型,FGA202-280,圈,件,
欣瑞口杯300ml杯3型,FGA202-300,,件,
欣瑞口杯360ml办公杯3型,FGA202-360,黑色,件,
欣瑞口杯360ml办公杯3型,FGA202-360,咖啡色,件,
3A小口杯,,,件,
3A中口杯,,,件,
3A大口杯,,,件,
3A小新世纪,,4型,件,
3A小新世纪,,12型,件,
3A小新世纪,,13型,件,
3A中新世纪,,8型,件,
3A中新世纪,,9型,件,
3A中新世纪,,12型,件,
3A中新世纪,,13型,件,
3A大新世纪,,8型,件,
3A大新世纪,,9型,件,
3A大新世纪,,12型,件,
3A大新世纪,,13型,件,
3A新世纪特号杯,,,件,
小健新潮,,10型,件,
小健新潮,,12型,件,
小健新潮,,16型,件,
中健新潮,,10型,件,
中健新潮,,11型,件,
中健新潮,,12型,件,
大健新潮,,,件,
健新潮500ml杯,,,件,
小健玲珑,,,件,
健小自旋,,,件,
健中自旋,,,件,
大健自旋,,,件,
健大新世纪1型,,,件,
健大新世纪2型,,,件,
二代健新潮180ml,FGJ--180,,件,
二代健新潮260ml,FGJ--260,,件,
二代健新潮380ml,FGJ--380,,件,
二代健新潮520ml,FGJ--520,,件,
三代健新潮240ml,FGJ--8321,,件,
三代健新潮320ml,FGJ--8320,,件,
三代健新潮400ml,FGJ--8319,,件,
小健泡杯,,,件,
中健泡杯,,,件,
大健泡杯,,,件,
220ml健泡杯2型,FGA508-220,,件,
380ml健泡杯2型,FGA508-380,,件,
健新潮5号180ml,FGA503-180,,件,
健新潮5号260ml,FGA503-260,,件,
健新潮5号380ml,FGA503-380,,件,
健新潮5号520ml,FGA503-520,,件,
健新奥口杯220ml,FGJ--8622,,件,
健新奥口杯320ml,FGJ--8623,,件,
健新奥360口杯3型-1,FGA507-360,咖啡色,件,
健新奥360口杯3型-1,FGA507-360,灰色,件,
健新奥360口杯3型-2,FGA507-360,咖啡色,件,
健新奥360口杯3型-2,FGA507-360,灰色,件,
健新奥280ml口杯2型,FGA506-280,灰兰色,件,
健新奥280ml口杯2型,FGA506-280,咖啡色,件,
健新奥380ml口杯2型,FGA506-380,灰兰色,件,
健新奥380ml口杯2型,FGA506-380,咖啡色,件,
健悠乐口杯180ml,FGA-502-180,,件,
健悠乐口杯320ml,FGA-502-320,,件,
健旋风220ml 1型,FGA-500-220,,件,
健旋风320ml 1型,FGA-500-320,,件,
健旋风460ml 1型,FGA-500-460,,件,
健旋风180ml 2型,FGA-501-180,,件,
健旋风240ml 2型,FGA-501-240,,件,
健旋风360ml 2型,FGA-501-360,,件,
健牌磁化口杯240ml,FGJ-8365,黑色,件,
健牌磁化口杯240ml,FGJ-8365,咖啡,件,
健牌磁化口杯280ml,FGJ-8366,黑色,件,
健牌磁化口杯280ml,FGJ-8366,咖啡,件,
健牌磁化口杯360ml,FGJ-8367,黑色,件,
健牌磁化口杯360ml,FGJ-8367,咖啡,件,
320ml健至诚口杯,FGA560-320,海蓝,件,
320ml健至诚口杯,FGA560-320,咖,件,
320ml健至诚口杯,FGA560-320,灰,件,
400ml健至诚口杯,FGA560-400,海蓝,件,
400ml健至诚口杯,FGA560-400,灰,件,
300ml健至诚口杯4型,FGA562-300,黑,件,
300ml健至诚口杯4型,FGA562-300,兰,件,
300ml健至诚口杯4型,FGA562-300,军绿,件,
360ml健至诚口杯4型,FGA562-360,黑,件,
360ml健至诚口杯4型,FGA562-360,兰,件,
360ml健至诚口杯4型,FGA562-360,军绿,件,
180ml健至诚口杯5型,FGA562-180,紫色,件,
180ml健至诚口杯5型,FGA562-180,红,件,
260ml健至诚口杯5型,FGA562-260,海蓝,件,
260ml健至诚口杯5型,FGA562-260,淡草绿,件,
380ml健至诚口杯5型,FGA562-380,黑紫,件,
380ml健至诚口杯5型,FGA562-380,深蓝色,件,
280ml瑞彩1型口杯,FGA210-280,浅蓝色,件,
280ml瑞彩1型口杯,FGA210-280,深蓝色,件,
320ml瑞彩1型口杯,FGA210-320,浅蓝色,件,
320ml瑞彩1型口杯,FGA210-320,深蓝色,件,
300ml瑞彩2型口杯,FGA211-300,兰色,件,
300ml瑞彩2型口杯,FGA211-300,绿色,件,
350ml瑞彩2型口杯,FGA211-350,兰色,件,
350ml瑞彩2型口杯,FGA211-350,绿色,件,
350ml悠然1型口杯,FGA565-350,,件,
400ml悠然1型口杯,FGA565-400,,件,
420ml悠然2型口杯,FGA565-420-2,兰色,件,
420ml悠然2型口杯,FGA565-420-2,灰绿色,件,
220ml健牌炫动口杯,FGT001-220,,件,
320ml健牌炫动口杯,FGT001-320,,件,
420ml健牌炫动口杯,FGT001-420,,件,
260ml逸品功夫杯,FHP113-260,米黄,件,
260ml逸品功夫杯,FHP113-260,深灰,件,
260ml逸品功夫杯,FHP113-260,混装,件,
200ml小玲珑口杯1型,FGA571-200,米,件,
200ml小玲珑口杯2型,FGA571-200,黄,件,
200ml小玲珑口杯3型,FGA571-200,粉,件,
280ml紫砂生态杯,FGA306-280,茶色,件,
280ml紫砂生态杯,FGA306-280,海蓝,件,
280ml紫砂生态杯,FGA306-280,桔色,件,
400ml紫砂生态办公杯,FGA306-400,海蓝,件,
400ml紫砂生态办公杯,FGA306-400,桔色,件,
400ml紫砂生态办公杯,FGA306-400,黄色,件,
400ml紫砂生态办公杯,FGA306-400,茶色,件,
富光双层紫砂杯（新品）,FGA304-220,,件,
双层书卷紫砂滤叶杯,FGK-2000,,件,
双层竹节紫砂滤叶杯,FGK-2000,,件,
双层花瓶紫砂滤叶杯,FGK-2000,,件,
双层书卷紫砂办公杯,FGK-2003,,件,
双层竹节紫砂办公杯,,,件,
紫砂套装3件套,FGK-2002,,件,
精品紫砂套装,FGK-2005,,件,
富光双层塑玻杯（小）,FGH-2107,,件,
富光双层塑玻杯（中）,FGH-2106,,件,
富光双层塑玻杯（大）,FGH-2108,,件,
中号双层塑玻办公杯,FGH-2109,,件,
大号双层塑玻办公杯,FGH-2115,,件,
加长小塑玻,FGH-2130,,件,
简中号双层塑玻滤叶办公杯,FGH-2112,,件,
精中号双层塑玻滤叶办公杯,FGH-2113,,件,
富光双层塑玻杯2型（小）,FGH-2189,黑色,件,
富光双层塑玻杯2型（小）,FGH-2189,咖啡,件,
富光双层塑玻杯2型（中）,FGH-2184,黑色,件,
富光双层塑玻杯2型（中）,FGH-2184,咖啡,件,
300ml双层塑玻办公杯2型,FGH-2186,黑色,件,
300ml双层塑玻办公杯2型,FGH-2186,咖啡,件,
180塑玻3型口杯,FGA302-180,,件,
260塑玻3型口杯,FGA302-260,,件,
300塑玻3型办公杯,FGA302-300B,,件,
400塑玻3型口杯,FGA302-400,,件,
320ml塑玻5型口杯,FGA307-320,,件,
320ml塑玻5型口杯,FGA307-320,草绿,件,
320ml塑玻5型口杯,FGA307-320,军绿,件,
400ml塑玻5型办公杯,FGA307B-400,,件,
180礼品塑瓷口杯,FGA303-180,,件,
260礼品塑瓷口杯,FGA303-260,,件,
300礼品塑瓷办公杯,FGA303-300B,,件,
400礼品塑瓷口杯,FGA303-400,,件,
180ml塑瓷口杯,FGH-2123,,件,
260ml塑瓷口杯,FGK-2024,,件,
400ml塑瓷口杯,FGK-2025,,件,
300ml塑瓷办公杯,FGK-2026,,件,
260ml精品塑瓷口杯,FGK-2042,,件,
280ml双层骨瓷杯,FGH-2011,,件,
塑玻工艺口杯,301-260,,件,
240塑玻泡茶师,FGA-240,,件,
260塑瓷泡茶师,FGA-260,,件,
320ml双层塑紫杯,FGA309-320,,件,
I型1.0L多用保温瓶,FGA342-1000,黄绿,件,
I型1.0L多用保温瓶,FGA342-1000,兰,件,
I型1.0L多用保温瓶,FGA342-1000,桔,件,
I型1.0L多用保温瓶,FGA342-1000,紫,件,
I型1.3L多用保温瓶,FGA342-1300,黄绿,件,
I型1.3L多用保温瓶,FGA342-1300,兰,件,
I型1.3L多用保温瓶,FGA342-1300,桔,件,
I型1.3L多用保温瓶,FGA342-1300,紫,件,
1.0L侧按瓶,FG-1230-100,白,件,
1.0L侧按瓶,FG-1230-100,兰,件,
1.0L侧按瓶,FG-1230-100,粉,件,
1.0L侧按瓶,FG-1230-100,电脑灰,件,
1.0L侧按瓶,FG-1230-100,灰,件,
1.3L侧按瓶,FG-1230-130,白,件,
1.3L侧按瓶,FG-1230-130,灰,件,
1.3L侧按瓶,FG-1230-130,粉,件,
1.3L侧按瓶,FG-1230-130,电脑灰,件,
1.6L侧按瓶,FG-1220-160,白,件,
1.6L侧按瓶,FG-1220-160,兰,件,
1.6L侧按瓶,FG-1220-160,灰,件,
1.6L侧按瓶,FG-1220-160,黄,件,
2L新水瓶,FG-1220-200,黄,件,
2L新水瓶,FG-1220-200,浅灰,件,
2L新水瓶,FG-1220-200,兰,件,
2L新水瓶,FG-1220-200,粉,件,
注塑5P,,兰,件,
注塑5P,,粉,件,
注塑5P,,红,件,
注塑8P,,兰,件,
注塑8P,,粉,件,
注塑8P,,红,件,
三代260ml水晶真空杯,FGL-3112,闪灰,件,
三代260ml水晶真空杯,FGL-3112,青蓝,件,
三代260ml水晶真空杯,FGL-3112,闪深绿,件,
三代260ml水晶真空杯,FGL-3112,混装,件,
三代260ml水晶真空杯,FGL-3112,8048未分色,件,
三代360ml水晶真空杯,FGL-3113,黑,件,
三代360ml水晶真空杯,FGL-3113,深咖啡,件,
三代360ml水晶真空杯,FGL-3113,闪灰,件,
三代360ml水晶真空杯,FGL-3113,青蓝,件,
三代360ml水晶真空杯,FGL-3113,闪深绿,件,
三代360ml水晶真空杯,FGL-3113,淡咖啡,件,
三代360ml水晶真空杯,FGL-3113,混装,件,
三代360ml水晶真空杯,FGL-3113,8048未分色,件,
480水晶真空办公杯2型,FGL-3097,深咖啡,件,
480水晶真空办公杯2型,FGL-3097,闪灰,件,
480水晶真空办公杯2型,FGL-3097,青蓝,件,
480水晶真空办公杯2型,FGL-3097,黑,件,
480水晶真空办公杯2型,FGL-3097,混装,件,
480水晶真空办公杯2型,FGL-3097,8048未分色,件,
260经典真空口杯2型,FGL-3090,亮银蓝,件,
260经典真空口杯2型,FGL-3090,亮银黑,件,
260经典真空口杯2型,FGL-3090,亮银咖啡,件,
260经典真空口杯2型,FGL-3090,混装,件,
360经典真空口杯2型,FGL-3089,亮银蓝,件,
360经典真空口杯2型,FGL-3089,亮银黑,件,
360经典真空口杯2型,FGL-3089,亮银咖啡,件,
360经典真空口杯2型,FGL-3089,混装,件,
480经典真空办公杯A型,FGL-3088,亮银蓝,件,
480经典真空办公杯A型,FGL-3088,亮银黑,件,
480经典真空办公杯A型,FGL-3088,亮银咖啡,件,
480经典真空办公杯A型,FGL-3088,混装,件,
480经典真空办公杯B型,FGL-3086,本,件,
480经典真空办公杯B型,FGL-3086,黑,件,
480经典真空办公杯B型,FGL-3086,8048未分色,件,
360经典3型,FGL-3203,闪蓝色,件,
360经典3型,FGL-3203,浅红色,件,
360经典3型,FGL-3203,闪黄色,件,
360经典3型,FGL-3203,闪灰色,件,
360经典3型,FGL-3203,混装,件,
420经典3型,FGL-3204,闪蓝色,件,
420经典3型,FGL-3204,浅红色,件,
420经典3型,FGL-3204,闪黄色,件,
420经典3型,FGL-3204,闪灰色,件,
420经典3型,FGL-3204,混装,件,
480经典3型办公杯,FGL-3205,闪蓝色,件,
480经典3型办公杯,FGL-3205,浅红色,件,
480经典3型办公杯,FGL-3205,米金色,件,
480经典3型办公杯,FGL-3205,闪灰色,件,
480经典3型办公杯,FGL-3205,混装,件,
260天行真空口杯,FGL-3068,亮银蓝,件,
260天行真空口杯,FGL-3068,亮银黑,件,
260天行真空口杯,FGL-3068,亮银咖啡,件,
260天行真空口杯,FGL-3068,混装,件,
360天行真空口杯,FGL-3069,亮银蓝,件,
360天行真空口杯,FGL-3069,亮银黑,件,
360天行真空口杯,FGL-3069,亮银咖啡,件,
360天行真空口杯,FGL-3069,混装,件,
480天行真空办公杯,FGL-3087,亮银蓝,件,
480天行真空办公杯,FGL-3087,亮银黑,件,
480天行真空办公杯,FGL-3087,亮银咖啡,件,
480天行真空办公杯,FGL-3087,混装,件,
560天行真空办公杯,FGL--3304,钛金,件,
360天行真空杯2型,FGL--3303,钛金,件,
350欣雅真空杯（皮纹）,FGL--3091,,件,
280卓尔真空杯,FGL--3084,中灰,件,
280卓尔真空杯,FGL--3084,灰白,件,
280卓尔真空杯,FGL--3084,本,件,
280卓尔真空杯,FGL--3084,混装,件,
360卓尔真空杯,FGL--3083--1,中灰,件,
360卓尔真空杯,FGL--3083--1,灰白,件,
360卓尔真空杯,FGL--3083--1,本,件,
360卓尔真空杯,FGL--3083--1,混装,件,
360卓尔真空杯,FGL--3083--2,未分色,件,
360卓尔真空杯,FGL--3083--3,未分色,件,
360卓尔真空杯,FGL--3083--4,未分色,件,
480卓尔真空办公杯,FGL--3118,未分色,件,
280生态杯,FGK--2010,,件,
二代280生态杯(紫砂胆),FGK--2022,葡萄紫,件,
二代280生态杯(紫砂胆),FGK--2022,黑,件,
二代380生态杯(紫砂胆),FGK--2027,葡萄紫,件,
二代380生态杯(紫砂胆),FGK--2027,黑,件,
400生态办公杯(紫砂胆),FGK--2020,葡萄紫,件,
400生态办公杯(紫砂胆),FGK--2020,黑,件,
280双层生态杯,FGK--2028,咖啡,件,
280双层生态杯,FGK--2028,黑,件,
280双层生态杯,FGK--2028,混装,件,
380双层生态杯,FGK--2029,咖啡色,件,
380双层生态杯,FGK--2029,黑色,件,
380双层生态杯,FGK--2029,混装,件,
400双层生态办公杯,FGK--2030,黑,件,
400双层生态办公杯,FGK--2030,咖,件,
400双层生态办公杯(陶瓷胆),,黑,件,
400双层生态办公杯(陶瓷胆),,咖,件,
600ml生态壶,FGK--2021,白色,件,
600ml生态壶,FGK--2021,香槟色,件,
600ml生态壶,FGK--2021,混装,件,
280健牌生态杯,BJ-280,亮银咖啡,件,
280健牌生态杯,BJ-280,闪深灰,件,
400健牌生态办公杯,BJ-400B,亮银咖啡,件,
400健牌生态办公杯,BJ-400B,闪深灰,件,
280茗派生态杯,FGK--2047,本,件,
280茗派生态杯,FGK--2047,米金,件,
280茗派生态杯,FGK--2047,紫砂,件,
280茗派生态杯,FGK--2047,混装,件,
380茗派生态杯,FGK--2048,本,件,
380茗派生态杯,FGK--2048,米金,件,
380茗派生态杯,FGK--2048,紫砂,件,
380茗派生态杯,FGK--2048,混装,件,
400茗派生态办公杯,FGK--2049,本,件,
400茗派生态办公杯,FGK--2049,米金,件,
400茗派生态办公杯,FGK--2049,紫砂,件,
400茗派生态办公杯,FGK--2049,混装,件,
220茗派生态二代,FGL—3224,透明红,件,
220茗派生态二代,FGL—3224,透明蓝,件,
220茗派生态二代,FGL—3224,亮银黑,件,
280茗派生态二代,FGL—3225,透明红,件,
280茗派生态二代,FGL—3225,透明蓝,件,
280茗派生态二代,FGL—3225,亮银黑,件,
380茗派生态二代,FGL--3226,透明红,件,
380茗派生态二代,FGL--3226,透明蓝,件,
380茗派生态二代,FGL--3226,亮银黑,件,
420茗派生态二代办公,FGL--3227,透明红,件,
420茗派生态二代办公,FGL--3227,透明蓝,件,
420茗派生态二代办公,FGL--3227,亮银黑,件,
240茗派真空生态杯,FGL—3228,闪蓝色,件,
240茗派真空生态杯,FGL—3228,闪黄色,件,
320茗派真空生态杯,FGL—3229,闪蓝色,件,
320茗派真空生态杯,FGL—3229,闪黄色,件,
360茗派真空生态办公杯,FGL-3230,闪蓝色,件,
360茗派真空生态办公杯,FGL-3230,闪黄色,件,
300茗派真空杯,FGL—3231,米黄色,件,
300茗派真空杯,FGL—3231,珠光蓝,件,
300茗派真空杯,FGL—3231,珠光紫,件,
300茗派真空杯,FGL—3231,亮银黑,件,
340茗派真空杯,FGL—3232,米黄色,件,
340茗派真空杯,FGL—3232,珠光蓝,件,
340茗派真空杯,FGL—3232,珠光紫,件,
340茗派真空杯,FGL—3232,亮银黑,件,
420茗派真空杯,FGL--3233,米黄色,件,
420茗派真空杯,FGL--3233,珠光蓝,件,
420茗派真空杯,FGL--3233,珠光紫,件,
420茗派真空杯,FGL--3233,亮银黑,件,
360茗派真空办公杯,FGL-3237,米黄色,件,
360茗派真空办公杯,FGL-3237,珠光蓝,件,
360茗派真空办公杯,FGL-3237,珠光紫,件,
360茗派真空办公杯,FGL-3237,亮银黑,件,
480茗派真空办公杯,FGL-3234,米黄色,件,
480茗派真空办公杯,FGL-3234,珠光蓝,件,
480茗派真空办公杯,FGL-3234,亮银黑,件,
480茗派真空办公杯,FGL-3234,珠光紫,件,
420酷派生态办公杯,FGL—3139,紫红色,件,
420酷派生态办公杯,FGL—3139,海蓝色,件,
420酷派生态办公杯,FGL—3139,混装,件,
480ml酷派办公杯,FGL--3138,闪蓝色,件,
480ml酷派办公杯,FGL--3138,橘黄,件,
480ml酷派办公杯,FGL--3138,本色,件,
480ml酷派办公杯,FGL--3138,瓷白,件,
480ml酷派办公杯,FGL--3138,混装,件,
500ml酷派高真空不锈钢杯,FGL--3137,本色,件,
500ml酷派高真空不锈钢杯,FGL--3137,闪蓝色,件,
500ml酷派高真空不锈钢杯,FGL--3137,桔黄,件,
500ml酷派高真空不锈钢杯,FGL--3137,瓷白,件,
500ml酷派高真空不锈钢杯,FGL--3137,混装,件,
480酷派不真空办公杯,BJ-480,本色,件,
480酷派不真空办公杯,BJ-480,闪蓝色,件,
480酷派不真空办公杯,BJ-480,混装,件,
320休闲真空杯,FGL--3249,黑色,件,
320休闲真空杯,FGL--3249,中灰,件,
320休闲真空杯,FGL--3249,浅红色,件,
320休闲真空杯,FGL--3249,果蔬绿,件,
320休闲真空杯,FGL--3249,混装,件,
360真空广告杯,FGL--3208,本色,件,
360真空广告杯,FGL--3208,,件,
360真空广告杯,FGL--3208,,件,
280不锈钢真空泡茶师,FGL--3099,,件,
360不锈钢真空泡茶师,FGL--3100,,件,
二代340ml富光泡茶师,FGL--3215,本色,件,
二代340ml富光泡茶师,FGL--3215,深绿,件,
二代340ml富光泡茶师,FGL--3215,蓝灰,件,
二代340ml富光泡茶师,FGL--3215,混装,件,
280生态泡茶师Ⅱ型紫砂,FGL-3278,本色,件,
280生态泡茶师Ⅱ型紫砂,FGL-3278,闪金,件,
280生态泡茶师Ⅱ型瓷胆,FGL-3278,瓷白,件,
280生态泡茶师Ⅱ型瓷胆,FGL-3278,浅红色,件,
360生态泡茶师Ⅱ型紫砂,FGL-3291,本色,件,
360生态泡茶师Ⅱ型紫砂,FGL-3291,闪金,件,
360生态泡茶师Ⅱ型瓷胆,FGL-3291,瓷白,件,
360生态泡茶师Ⅱ型瓷胆,FGL-3291,浅红色,件,
460真空泡茶师Ⅱ型,FGL-3290,本色,件,
460真空泡茶师Ⅱ型,FGL-3290,蓝灰,件,
260超炫真空杯1型,FGL--3103,亮银蓝,件,
260超炫真空杯1型,FGL--3103,灰白,件,
260超炫真空杯1型,FGL--3103,青蓝,件,
260超炫真空杯1型,FGL--3103,淡咖啡,件,
260超炫真空杯1型,FGL--3103,中灰,件,
260超炫真空杯1型,FGL--3103,混装,件,
360超炫真空杯1型,FGL--3102,亮银蓝,件,
360超炫真空杯1型,FGL--3102,灰白,件,
360超炫真空杯1型,FGL--3102,青蓝,件,
360超炫真空杯1型,FGL--3102,淡咖啡,件,
360超炫真空杯1型,FGL--3102,中灰,件,
360超炫真空杯1型,FGL--3102,混装,件,
360超炫真空杯2型,FGL--3121,亮兰,件,
360超炫真空杯2型,FGL--3121,闪金,件,
360超炫真空杯2型,FGL--3121,闪银,件,
360超炫真空杯2型,FGL--3121,闪黑,件,
360超炫真空杯2型,FGL--3121,闪紫红,件,
360超炫真空杯2型,FGL--3121,混装,件,
420超炫真空杯2型,FGL--3122,亮银兰,件,
420超炫真空杯2型,FGL--3122,闪金,件,
420超炫真空杯2型,FGL--3122,闪银,件,
420超炫真空杯2型,FGL--3122,闪黑,件,
420超炫真空杯2型,FGL--3122,闪紫红,件,
420超炫真空杯2型,FGL--3122,混装,件,
350超炫三型真空杯,FGL-3277,闪紫红,件,
350超炫三型真空杯,FGL-3277,亮银蓝,件,
350超炫三型真空杯,FGL-3277,闪蓝色,件,
350超炫三型真空杯,FGL-3277,灰黑,件,
420超炫三型真空杯,FGL-3270,亮银蓝,件,
420超炫三型真空杯,FGL-3270,闪蓝色,件,
420超炫三型真空杯,FGL-3270,闪紫红,件,
420超炫三型真空杯,FGL-3270,灰黑,件,
420超炫三型真空办公杯,FGL-3271,闪紫红,件,
420超炫三型真空办公杯,FGL-3271,闪蓝色,件,
420超炫三型真空办公杯,FGL-3271,亮银蓝,件,
420超炫三型真空办公杯,FGL-3271,灰黑,件,
500超炫三型真空办公杯,FGL-3272,亮银蓝,件,
500超炫三型真空办公杯,FGL-3272,灰黑,件,
500超炫三型真空办公杯,FGL-3272,闪紫红,件,
500超炫三型真空办公杯,FGL-3272,闪蓝色,件,
500超炫三型真空办公杯,FGL-3272,混装,件,
280超炫生态杯（瓷胆）,FGL--3312,珠光白,件,
280超炫生态杯（瓷胆）,FGL--3312,大红色,件,
280超炫生态杯（瓷胆）,FGL--3312,闪蓝色,件,
360超炫真空嵌表杯,FGL--3127,闪银蓝,件,
360超炫真空嵌表杯,FGL--3127,闪紫红,件,
360超炫真空嵌表杯,FGL--3127,闪银,件,
360超炫真空嵌表杯,FGL--3127,闪金,件,
360超炫真空嵌表杯,FGL--3127,闪黑,件,
360超炫真空嵌表杯,FGL--3127,混装,件,
提带260真空子弹头杯,FGL--3066,瓷白,件,
提带260真空子弹头杯,FGL--3066,淡草绿,件,
提带260真空子弹头杯,FGL--3066,粉红,件,
提带260真空子弹头杯,FGL--3066,海蓝,件,
提带260真空子弹头杯,FGL--3066,本,件,
提带260真空子弹头杯,FGL--3066,混装,件,
提带350真空子弹头杯,FGL--3052,本,件,
提带350真空子弹头杯,FGL--3052,红,件,
提带350真空子弹头杯,FGL--3052,瓷白,件,
提带350真空子弹头杯,FGL--3052,浅亮兰,件,
提带350真空子弹头杯,FGL--3052,混装,件,
提带350真空子弹头杯,FGL--3052,迷彩,件,
提带500真空子弹头杯,FGL--3053,本,件,
提带500真空子弹头杯,FGL--3053,红,件,
提带500真空子弹头杯,FGL--3053,瓷白,件,
提带500真空子弹头杯,FGL--3053,浅亮兰,件,
提带500真空子弹头杯,FGL--3053,混装,件,
提带500真空子弹头杯,FGL--3053,迷彩,件,
480富光真空子弹头杯,FGL--3206,米金色,件,
480富光真空子弹头杯,FGL--3206,大红色,件,
480富光真空子弹头杯,FGL--3206,咖啡色,件,
480富光真空子弹头杯,FGL--3206,灰黑,件,
480富光真空子弹头杯,FGL--3206,混装,件,
600富光真空子弹头杯,FGL--3207,米金色,件,
600富光真空子弹头杯,FGL--3207,大红色,件,
600富光真空子弹头杯,FGL--3207,咖啡色,件,
600富光真空子弹头杯,FGL--3207,灰黑,件,
600富光真空子弹头杯,FGL--3207,混装,件,
380真空子弹头[4型],FGL-3268,透明红,件,
380真空子弹头[4型],FGL-3268,透明蓝,件,
380真空子弹头[4型],FGL-3268,本色,件,
380真空子弹头[4型],FGL-3268,混装,件,
500真空子弹头[4形],FGL-3269,透明红,件,
500真空子弹头[4形],FGL-3269,本色,件,
500真空子弹头[4形],FGL-3269,透明蓝,件,
500真空子弹头[4形],FGL-3269,混装,件,
350卓尔子弹头,FGL--3130,本色,件,
350卓尔子弹头,FGL--3130,海  蓝,件,
350卓尔子弹头,FGL--3130,粉红,件,
350卓尔子弹头,FGL--3130,淡草绿,件,
350卓尔子弹头,FGL--3130,透明红,件,
350卓尔子弹头,FGL--3130,透明蓝,件,
350卓尔子弹头,FGL--3130,混装,件,
500卓尔子弹头,FGL--3129,本色,件,
500卓尔子弹头,FGL--3129,海  蓝,件,
500卓尔子弹头,FGL--3129,粉红,件,
500卓尔子弹头,FGL--3129,淡草绿,件,
500卓尔子弹头,FGL--3129,透明红,件,
500卓尔子弹头,FGL--3129,透明蓝,件,
500卓尔子弹头,FGL--3129,绿迷彩,件,
500卓尔子弹头,FGL--3129,混装,件,
500真空学生壶,FGL-3149,玫红,件,
500真空学生壶,FGL-3149,海蓝,件,
500真空学生壶,FGL-3149,淡黄,件,
500真空学生壶,FGL-3149,墨蓝,件,
500真空学生壶,FGL-3149,淡草绿,件,
500真空学生壶,FGL-3149,混装,件,
650真空学生壶,FGL--3150,海蓝,件,
650真空学生壶,FGL--3150,淡草绿,件,
650真空学生壶,FGL--3150,墨兰,件,
650真空学生壶,FGL--3150,淡黄,件,
650真空学生壶,FGL--3150,玫红,件,
650真空学生壶,FGL--3150,混装,件,
350E动真空壶1型,FGL--3105-1,灰黑,件,
350E动真空壶1型,FGL--3105-1,未分色,件,
350E动真空壶1型,FGL--3105-1,,件,
350E动真空壶1型,FGL--3105-1,,件,
420E动真空壶1型,FGL--3104-1,灰黑,件,
420E动真空壶1型,FGL--3104-1,未分色,件,
420E动真空壶1型,FGL--3104-1,,件,
420E动真空壶1型,FGL--3104-1,,件,
350E动真空壶2型,FGL--3105-2,未分色,件,
350E动真空壶2型,FGL--3105-2,灰黑,件,
350E动真空壶2型,FGL--3105-2,海蓝,件,
350E动真空壶2型,FGL--3105-2,紫红,件,
350E动真空壶2型,FGL--3105-2,淡草绿,件,
350E动真空壶2型,FGL--3105-2,本色,件,
350E动真空壶2型,FGL--3105-2,混装,件,
420E动真空壶2型,FGL--3104-2,未分色,件,
420E动真空壶2型,FGL--3104-2,灰黄,件,
420E动真空壶2型,FGL--3104-2,灰黑,件,
420E动真空壶2型,FGL--3104-2,海蓝,件,
420E动真空壶2型,FGL--3104-2,紫红,件,
420E动真空壶2型,FGL--3104-2,淡草绿,件,
420E动真空壶2型,FGL--3104-2,,件,
300顺风真空杯1型（精装）,FGL--3116,本,件,
400顺风真空杯1型（精装）,FGL--3117,本,件,
400顺风真空杯1型（精装）,FGL--3117,混装,件,
360顺风真空杯2型（精装）,FGL--3125,黑,件,
360顺风真空杯2型（精装）,FGL--3125,本,件,
360顺风真空杯2型（精装）,FGL--3125,灰黄,件,
420顺风真空杯2型（精装）,FGL--3126,黑,件,
420顺风真空杯2型（精装）,FGL--3126,本,件,
420顺风真空杯2型（精装）,FGL--3126,灰黄,件,
260乘风真空杯,FGL-3151,宝石纹,件,
260乘风真空杯,FGL-3151,虎纹,件,
260乘风真空杯,FGL-3151,混装,件,
360乘风真空杯,FGL-3152,宝石纹,件,
360乘风真空杯,FGL-3152,虎纹,件,
360乘风真空杯,FGL-3152,混装,件,
420乘风真空杯,FGL-3235,宝石纹,件,
420乘风真空杯,FGL-3235,虎纹,件,
420乘风真空杯,FGL-3235,混装,件,
450乘风真空办公杯,FGL-3236,宝石纹,件,
450乘风真空办公杯,FGL-3236,虎纹,件,
450乘风真空办公杯,FGL-3236,混装,件,
280乘风生态杯紫砂,FGL-3243,宝石纹,件,
280乘风生态杯紫砂,FGL-3243,虎纹,件,
280乘风生态杯紫砂,FGL-3243,混装,件,
280乘风生态杯瓷胆,FGL-3243,宝石纹,件,
280乘风生态杯瓷胆,FGL-3243,虎纹,件,
450乘风生态办公杯紫砂,FGL-3248 ,宝石纹,件,
450乘风生态办公杯紫砂,FGL-3248 ,虎纹,件,
450乘风生态办公杯紫砂,FGL-3248 ,混装,件,
450乘风生态办公杯瓷胆,FGL-3248 ,宝石纹,件,
450乘风生态办公杯瓷胆,FGL-3248 ,虎纹,件,
280至臻生态杯[陶瓷胆],FGL-3275,钛金,件,
280至臻生态杯[紫砂胆],FGL-3275,钛金,件,
460至臻生态办公杯[陶瓷胆],FGL--3276,钛金,件,
460至臻生态办公杯[紫砂胆],FGL--3276,钛金,件,
260至臻工艺杯,FGL--3119,,件,
350至臻工艺杯,FGL--3120,,件,
420至臻工艺杯,FGL--3239,,件,
460至臻工艺办公杯,FGL--3240,,件,
300至臻工艺杯[2型],FGL--3273,钛金,件,
320至臻工艺办公杯[2型],FGL--3274,钛金,件,
380至臻工艺杯（3型）,FGL-3322,钛金,件,
350至臻工艺杯[[恒远]],FGL-3283,,件,
460ml至臻工艺杯[[恒远]],FGL-3284,钛金,件,
360皮纹真空保温杯,FGL--3247,黑色,件,
360皮纹真空保温杯,FGL--3247,咖啡色,件,
360皮纹真空保温杯,FGL--3247,混装,件,
450皮纹真空办公杯,FGL--3286,黑色,件,
450皮纹真空办公杯,FGL--3286,咖啡色,件,
450皮纹真空办公杯,FGL--3286,混装,件,
280皮纹生态杯紫砂,FGL-3252,黑色,件,
280皮纹生态杯紫砂,FGL-3252,咖啡色,件,
280皮纹生态杯紫砂,FGL-3252,混装,件,
280皮纹生态杯瓷胆,FGL-3252,黑色,件,
280皮纹生态杯瓷胆,FGL-3252,咖啡色,件,
450皮纹生态办公杯紫砂,FGL-3285,黑色,件,
450皮纹生态办公杯紫砂,FGL-3285,咖啡色,件,
450皮纹生态办公杯紫砂,FGL-3285,混装,件,
450皮纹生态办公杯瓷胆,FGL-3285,咖啡色,件,
新750富光旅行壶,FGL-3154,本色,件,
新750富光旅行壶,FGL-3154,闪蓝色,件,
新750富光旅行壶,FGL-3154,混装,件,
新1.0L富光旅行壶,FGL-3155,本,件,
新1.0L富光旅行壶,FGL-3155,闪兰,件,
新1.0L富光旅行壶,FGL-3155,混装,件,
新1.5L富光旅行壶,FGL-3157,本,件,
新1.5L富光旅行壶,FGL-3157,闪兰,件,
新1.5L富光旅行壶,FGL-3157,混装,件,
新1.8L富光旅行壶,FGL-3158,本,件,
新1.8L富光旅行壶,FGL-3158,闪兰,件,
新1.8L富光旅行壶,FGL-3158,混装,件,
750ml富光旅行壶2型,FGL-3220,本,件,
750ml富光旅行壶2型,FGL-3220,珠光蓝,件,
750ml富光旅行壶2型,FGL-3220,大红色,件,
750ml富光旅行壶2型,FGL-3220,混装,件,
1.0L富光旅行壶2型,FGL-3221,本,件,
1.0L富光旅行壶2型,FGL-3221,珠光蓝,件,
1.0L富光旅行壶2型,FGL-3221,大红色,件,
1.0L富光旅行壶2型,FGL-3221,混装,件,
1.0L富光旅行壶(3型）,FGL--3259,透明蓝,件,
1.0L富光旅行壶(3型）,FGL--3259,本色,件,
1.0L富光旅行壶(3型）,FGL--3259,透明红,件,
1.0L富光旅行壶(3型）,FGL--3259,混装,件,
1.5L富光旅行壶(3型）,FGL--3260,本色,件,
1.5L富光旅行壶(3型）,FGL--3260,透明蓝,件,
1.5L富光旅行壶(3型）,FGL--3260,透明红,件,
1.8L富光旅行壶(3型）,FGL--3261,透明红,件,
1.8L富光旅行壶(3型）,FGL--3261,本色,件,
1.8L富光旅行壶(3型）,FGL--3261,透明蓝,件,
1.8L富光旅行壶(3型）,FGL--3261,混装,件,
新1.2L力德尔旅行壶,LDR--8054,,件,
新1.5L力德尔旅行壶,LDR--8055,,件,
新1.8L力德尔旅行壶,LDR--8056,,件,
1.5富光真空多用壶,FGL--3202,本色,件,
1.5富光真空多用壶,FGL--3202,珠光蓝,件,
1.5富光真空多用壶,FGL--3202,珠光白,件,
1.5富光真空多用壶,FGL--3202,混装,件,
1.2富光真空多用壶,FGL--3201,本色,件,
1.2富光真空多用壶,FGL--3201,珠光蓝,件,
1.2富光真空多用壶,FGL--3201,珠光白,件,
1.2富光真空多用壶,FGL--3201,混装,件,
1.5真空多用壶 2型,FGL-3255,本色,件,
1.5真空多用壶 2型,FGL-3255,米黄色,件,
1.5真空多用壶 2型,FGL-3255,珠光蓝,件,
1.0真空保温瓶1型,FGL-3294,本色,件,
1.0真空保温瓶1型,FGL-3294,粉红色,件,
1.0真空保温瓶1型,FGL-3294,浅蓝色,件,
1.0真空保温瓶1型,FGL-3294,淡草绿,件,
1.3真空保温瓶1型,FGL-3295,浅蓝色,件,
1.3真空保温瓶1型,FGL-3295,淡草绿,件,
1.3真空保温瓶1型,FGL-3295,粉红色,件,
1.3真空保温瓶1型,FGL-3295,本色,件,
1.3真空保温瓶2型,FGL-3297,珠光蓝,件,
1.3真空保温瓶2型,FGL-3297,本色,件,
1.3真空保温瓶2型,FGL-3297,大红,件,
1.3真空保温瓶2型,FGL-3297,浅兰,件,
1.6真空保温瓶2型,FGL-3298,珠光蓝,件,
1.6真空保温瓶2型,FGL-3298,本色,件,
1.6真空保温瓶2型,FGL-3298,大红,件,
1.6真空保温瓶2型,FGL-3298,浅兰,件,
1.6真空保温瓶2型,FGL-3298,混装,件,
750富光真空焖烧壶,FGL--3256,粉红,件,
750富光真空焖烧壶,FGL--3256,本色,件,
750富光真空焖烧壶,FGL--3256,海蓝,件,
750富光真空焖烧壶,FGL--3256,混装,件,
450富光真空汽车杯,FGL-3216,本色,件,
450富光真空汽车杯,FGL-3216,闪紫红,件,
450富光真空汽车杯,FGL-3216,闪蓝,件,
450富光真空汽车杯,FGL-3216,闪绿,件,
450富光真空汽车杯,FGL-3216,混装,件,
320真空汽车杯,FGL-3217,本色,件,
320真空汽车杯,FGL-3217,闪紫红,件,
320真空汽车杯,FGL-3217,闪蓝,件,
320真空汽车杯,FGL-3217,闪绿,件,
320真空汽车杯,FGL-3217,混装,件,
280生态汽车杯紫砂,FGL-3219,本色,件,
280生态汽车杯紫砂,FGL-3219,墨蓝色,件,
280生态汽车杯瓷胆,FGL-3219,混装,件,
280生态汽车杯瓷胆,FGL-3219,闪紫红,件,
340吸管真空杯,FGL-3250,中灰,件,
340吸管真空杯,FGL-3250,海蓝,件,
340吸管真空杯,FGL-3250,粉红,件,
340吸管真空杯,FGL-3250,混装,件,
350时尚真空办公杯,FGL-3253,紫红,件,
350时尚真空办公杯,FGL-3253,玫红,件,
350时尚真空办公杯,FGL-3253,瓷白,件,
500时尚真空办公杯,FGL-3254,墨蓝,件,
500时尚真空办公杯,FGL-3254,咖啡,件,
500时尚真空办公杯,FGL-3254,混装,件,
260ml欣瑞真空杯,FGL-8000,闪灰,件,
260ml欣瑞真空杯,FGL-8000,闪黄色,件,
260ml欣瑞真空杯,FGL-8000,本色,件,
260ml欣瑞真空杯,FGL-8000,浅红色,件,
260ml欣瑞真空杯,FGL-8000,瓷白,件,
260ml欣瑞真空杯,FGL-8000,混装,件,
480ml欣瑞真空杯,FGL-8008,闪灰色,件,
480ml欣瑞真空杯,FGL-8008,闪黄色,件,
480ml欣瑞真空杯,FGL-8008,混装,件,
320欣瑞真空杯1型,FGL-3145,闪紫红,件,
320欣瑞真空杯1型,FGL-3145,本色,件,
320欣瑞真空杯1型,FGL-3145,米黄色,件,
320欣瑞真空杯1型,FGL-3145,浅红色,件,
320欣瑞真空杯1型,FGL-3145,闪蓝色,件,
320欣瑞真空杯1型,FGL-3145,闪银色,件,
320欣瑞真空杯1型,FGL-3145,珠光紫,件,
320欣瑞真空杯1型,FGL-3145,混装,件,
420欣瑞真空杯1型,FGL-3146,本色,件,
420欣瑞真空杯1型,FGL-3146,珠光紫,件,
420欣瑞真空杯1型,FGL-3146,闪紫红,件,
420欣瑞真空杯1型,FGL-3146,闪蓝色,件,
420欣瑞真空杯1型,FGL-3146,闪银色,件,
420欣瑞真空杯1型,FGL-3146,米黄色,件,
420欣瑞真空杯1型,FGL-3146,混装,件,
320欣瑞真空杯2型,,闪金,件,
320欣瑞真空杯2型,,闪银,件,
320欣瑞真空杯2型,,闪蓝色,件,
320欣瑞真空杯2型,,混装,件,
420欣瑞真空杯2型,,闪金,件,
420欣瑞真空杯2型,,闪银,件,
420欣瑞真空杯2型,,闪蓝色,件,
420欣瑞真空杯2型,,混装,件,
500富光不锈钢真空运动壶,FGL--3072,蓝迷彩,件,
500富光不锈钢真空运动壶,FGL--3072,绿迷彩,件,
500富光不锈钢真空运动壶,FGL--3072,灰迷彩,件,
500富光不锈钢真空运动壶,FGL--3072,土迷彩,件,
500富光不锈钢真空运动壶,FGL--3072,迷彩混装,件,
600富光不锈钢真空运动壶,FGL--3071,蓝迷彩,件,
600富光不锈钢真空运动壶,FGL--3071,绿迷彩,件,
600富光不锈钢真空运动壶,FGL--3071,灰迷彩,件,
600富光不锈钢真空运动壶,FGL--3071,土迷彩,件,
600富光不锈钢真空运动壶,FGL--3071,迷彩混装,件,
300力德尔真空运动壶,LDR--8057,本,件,
300力德尔真空运动壶,LDR--8057,红,件,
300力德尔真空运动壶,LDR--8057,深海兰,件,
300力德尔真空运动壶,LDR--8057,淡草绿,件,
300力德尔真空运动壶,LDR--8057,果蔬绿,件,
300力德尔真空运动壶,LDR--8057,瓷白,件,
300力德尔真空运动壶,LDR--8057,混装,件,
500力德尔真空运动壶,LDR--8058,淡草绿,件,
500力德尔真空运动壶,LDR--8058,瓷白,件,
500力德尔真空运动壶,LDR--8058,果蔬绿,件,
500力德尔真空运动壶,LDR--8058,本,件,
500力德尔真空运动壶,LDR--8058,红,件,
500力德尔真空运动壶,LDR--8058,深海兰,件,
500力德尔真空运动壶,LDR--8058,混装,件,
600力德尔真空运动壶,LDR--8059,果蔬绿,件,
600力德尔真空运动壶,LDR--8059,淡草绿,件,
600力德尔真空运动壶,LDR--8059,深海兰,件,
600力德尔真空运动壶,LDR--8059,红,件,
600力德尔真空运动壶,LDR--8059,本,件,
600力德尔真空运动壶,LDR--8059,白,件,
600力德尔真空运动壶,LDR--8059,混装,件,
750力德尔真空运动壶,LDR--8070,果绿,件,
750力德尔真空运动壶,LDR--8070,淡草绿,件,
750力德尔真空运动壶,LDR--8070,深海兰,件,
750力德尔真空运动壶,LDR--8070,红,件,
750力德尔真空运动壶,LDR--8070,本,件,
750力德尔真空运动壶,LDR--8070,混装,件,
750力德尔真空运动壶,LDR--8070,瓷白,件,
350力德尔动感真空壶,LDR--8073C,中灰,件,
350力德尔动感真空壶,LDR--8073C,灰白,件,
350力德尔动感真空壶,LDR--8073C,紫红,件,
350力德尔动感真空壶,LDR--8073C,紫兰,件,
350力德尔动感真空壶,LDR--8073C,亮银兰,件,
350力德尔动感真空壶,LDR--8073C,混装,件,
500力德尔动感真空壶,LDR-8072B,亮银兰,件,
500力德尔动感真空壶,LDR-8072B,紫兰,件,
500力德尔动感真空壶,LDR-8072B,灰白,件,
500力德尔动感真空壶,LDR-8072B,紫红,件,
500力德尔动感真空壶,LDR-8072B,中灰,件,
500力德尔动感真空壶,LDR-8072B,混装,件,
750力德尔动感真空壶,LDR--8071A,中灰,件,
750力德尔动感真空壶,LDR--8071A,灰白,件,
750力德尔动感真空壶,LDR--8071A,紫红,件,
750力德尔动感真空壶,LDR--8071A,紫兰,件,
750力德尔动感真空壶,LDR--8071A,亮银兰,件,
750力德尔动感真空壶,LDR--8071A,混装,件,
280瓷韵生态杯（瓷胆）,FGL-3313,瓷白,件,
350瓷韵生态杯（瓷胆）,FGL-3314,瓷白,件,
小号精品力德尔玻璃杯,LDR--8020,纳米,件,
小号精品力德尔玻璃杯,LDR--8020,滤叶,件,
中号精品力德尔玻璃杯,LDR--8015,纳米,件,
中号精品力德尔玻璃杯,LDR--8015,滤叶,件,
大号精品力德尔玻璃杯,LDR--8024,纳米,件,
大号精品力德尔玻璃杯,LDR--8024,滤叶,件,
特号精品力德尔玻璃杯,LDR--8030,纳米,件,
特号精品力德尔玻璃杯,LDR--8030,滤叶,件,
超大号力德尔玻璃杯,LDR--B8031,纳米,件,
超大号力德尔玻璃杯,LDR--B8031,滤叶,件,
小号普通力德尔玻璃杯,LDR--8027,,件,
中号普通力德尔玻璃杯,LDR--8013,,件,
中号力德尔玻璃办公杯,LDR--B8032,纳米,件,
中号力德尔玻璃办公杯,LDR--B8032,滤叶,件,
大号力德尔玻璃办公杯,LDR--B8033,纳米,件,
大号力德尔玻璃办公杯,LDR--B8033,滤叶,件,
力德尔玻璃套装,LDR--B8042,,件,
力德尔纳米双层小号加长,LDR-8053,,件,
力德尔中号双层玻璃杯,L1001-280,,件,
力德尔水晶玻璃杯,LG111-280,,件,
富光玻璃套装(3件套),FGH-2139,,件,
富光玻璃杯精品小号,FGH-2124,纳米,件,
富光玻璃杯精品小号,FGH-2124,滤叶,件,
富光玻璃杯精品中号,FGH-2123,纳米,件,
富光玻璃杯精品中号,FGH-2123,滤叶,件,
富光玻璃杯精品大号,FGH-2122,纳米,件,
富光玻璃杯精品大号,FGH-2122,滤叶,件,
双层玻璃办公杯 小号,FGH-2128,纳米,件,
双层玻璃办公杯 小号,FGH-2128,滤叶,件,
双层玻璃办公杯 中号,FGH-2120,纳米,件,
双层玻璃办公杯 中号,FGH-2120,滤叶,件,
双层玻璃办公杯  大号,FGH-2121,纳米,件,
双层玻璃办公杯  大号,FGH-2121,滤叶,件,
极品玻璃杯 小号,FGH-2152,,件,
极品玻璃杯 中号,FGH-2151,,件,
极品玻璃杯 大号,FGH-2150,,件,
极品办公杯 小号,FGH-2155,,件,
极品办公杯 中号,FGH-2154,,件,
尊贵玻璃杯 小号,FGH-2180,,件,
尊贵玻璃杯 中号,FGH-2179,,件,
尊贵玻璃杯 大号,FGH-2178,,件,
尊贵办公杯小号,FGH-2183,,件,
尊贵办公杯 中号,FGH-2182,,件,
精工玻璃杯 小号,FGH-2162,,件,
精工玻璃杯 中号,FGH-2161,,件,
精工玻璃杯  大号,FGH-2160,,件,
精工玻璃办公杯  小号,FGH-2165,,件,
精工玻璃办公杯   中号,FGH-2164,,件,
精彩玻璃杯小号,FGH-221-200,,件,
精彩玻璃杯中号,FGH-221-280,,件,
精彩玻璃杯大号,FGH-221-320,,件,
特号精彩玻璃杯,FGH-221-500,,件,
精彩玻璃办公杯小号,FGH-221B-260,,件,
精彩玻璃办公杯中号,FGH-221B-320,,件,
精彩玻璃二件套,222-540,,件,
精彩玻璃三件套,222-540,,件,
中号精彩休闲,221A-220,,件,
大号精彩休闲,221A-260,,件,
特号精彩休闲,221A-320,,件,
精致玻璃杯小号,FGH-2192,,件,
精致玻璃杯中号,FGH-2191,,件,
精致玻璃杯大号,FGH-2190,,件,
精致玻璃杯特号,FGH-2195,,件,
精致玻璃办公杯小号,FGH-2194,,件,
精致玻璃办公杯中号,FGH-2193,,件,
精致单层玻璃杯小号,FGH-201-280,,件,
精致单层玻璃杯中号,FGH-201-460,,件,
精锐双层玻璃杯中号（普）,235-280,,件,
精锐双层玻璃杯中号（精）,FGH-233-280,,件,
精英玻璃杯中号,251-280,,件,
精英玻璃办公杯中号,251B－320,,件,
富光单层玻璃杯(小),FGH-2137,,件,
富光单层玻璃杯(小小),FGH-2138,,件,
富光单层玻璃杯(中小),FGH-2136,,件,
富光单层玻璃杯(中),FGH-2135,,件,
单层办公杯小号,FGH-2206,,件,
单层办公杯中号,FGH-2205,,件,
中金三河玻璃杯,FGH-2103,,件,
小金三河玻璃杯,FGH-2001,,件,
自动冲茶器220ml,FGB-8152,,件,
MP4组合装220ml,FGB-8186,,件,
中水晶工艺杯,223-280,,件,
大水晶工艺杯,223-320,,件,
中水晶工艺办公杯,223B-260,,件,
富光中号玻璃杯水晶型,227-280,,件,
富光大号玻璃杯水晶型,227-320,,件,
富光中号玻璃办公杯水晶型,227B-320,,件,
富光玻璃茶壶,284B-1000型,,件,
200玻璃泡茶师,FGH-281-200,,件,
260玻璃泡茶师,FGH-2185,,件,
260水晶型泡茶师,281-260,,件,
二代中水晶型口杯,267-280,,件,
礼品型玻璃杯  小号,FGH--2174,,件,
礼品型玻璃杯  中号,FGH--2173,,件,
礼品型玻璃杯  大号,FGH--2172,,件,
礼品型办公杯  小号,FGH--2177,,件,
礼品型办公杯  中号,FGH--2176,,件,
银象玻璃杯中号（普装）,234-280,,件,
银象玻璃杯中号（精装）,232-280,,件,
磨砂玻璃杯小号,231-200,,件,
磨砂玻璃杯中号,231-280,,件,
茶艺玻璃杯小号,261-200,,件,
茶艺玻璃杯中号,261-280,,件,
茶艺玻璃杯大号,261-320,,件,
茶艺玻璃办公杯小号,261B-260,,件,
茶艺玻璃办公杯中号,261B-320,,件,
彩艺口杯小号,260-200,桔红,件,
彩艺口杯小号,260-200,亮银黑,件,
彩艺口杯小号,260-200,军绿,件,
彩艺口杯小号,260-200,宝兰,件,
彩艺口杯小号,260-200,未分色,件,
彩艺口杯中号,260-280,桔红,件,
彩艺口杯中号,260-280,亮银黑,件,
彩艺口杯中号,260-280,军绿,件,
彩艺口杯中号,260-280,宝兰,件,
彩艺口杯中号,260-280,未分色,件,
彩艺口杯大号,260-320,桔红,件,
彩艺口杯大号,260-320,亮银黑,件,
彩艺口杯大号,260-320,军绿,件,
彩艺口杯大号,260-320,宝兰,件,
彩艺口杯大号,260-320,未分色,件,
中号彩艺办公杯,260B-320,桔红,件,
中号彩艺办公杯,260B-320,亮银黑,件,
中号彩艺办公杯,260B-320,军绿,件,
中号彩艺办公杯,260B-320,宝兰,件,
中号彩艺办公杯,260B-320,混装,件,
小健牌玻璃杯,700-200,,件,
中健牌玻璃杯,700-280,,件,
大健牌玻璃杯,700-320,,件,
小健牌玻璃办公杯,,,件,
中健牌玻璃办公杯,700B-320,,件,
中健单层玻璃杯,700-400,,件,
小健单层玻璃杯,700-300,,件,
特号健牌口杯,700-500,,件,
大号健牌办公杯,700B-520,,件,
超大号健牌口杯,700-680,,件,
健牌3型大号口杯,703-320,,件,
健牌3型中号口杯,703-280,,件,
健牌异形中号办公杯,705B-320,,件,
多彩四件套,253-840,,件,
多彩六件套,253-1260,,件,
多彩玻璃口杯,253-210,,件,
小精艺单层口杯,258-280,,件,
中精艺单层口杯,258-350,,件,
特号精艺单层口杯,258-500,,件,
小精艺单层办公杯,258B-350,,件,
小号精艺单层休闲口杯,255A-200,,件,
中号精艺单层休闲口杯,255A-300,,件,
小精艺口杯,256-200,,件,
中精艺口杯,256-280,,件,
大精艺口杯,256-320,,件,
小精艺办公杯,256B-260,,件,
中精艺办公杯,256B-320,,件,
水晶精艺小口杯,,,件,
水晶精艺中口杯,257-280,,件,
水晶精艺大口杯,257-320,,件,
水晶精艺小号办公杯,,,件,
水晶精艺中号办公杯,257B-320,,件,
中黑晶玻璃杯,283-280,,件,
大黑晶玻璃杯,283-320,,件,
中黑晶办公杯,283B-320,,件,
特号黑晶口杯,283-500,,件,
中号银龙水晶口杯,292-280,,件,
大号银龙水晶口杯,292-320,,件,
中号银龙水晶办公杯,292B-320,,件,
中欣艺口杯,259-280,,件,
大欣艺口杯,259-320,,件,
中欣艺办公杯,259B-320,,件,
富光玻璃杯G001-280,G001-280,,件,
富光玻璃杯G001-320,G001-320,,件,
富光玻璃杯G001-320B,G001-320B,,件,
G005-240A口杯,G005-240A,,件,
G005-320,G005-320,,件,
G005-280,G005-280,,件,
中健悠品口杯,701-280,,件,
大健悠品口杯,701-320,,件,
中健悠品办公杯,701B-320,,件,
中号健悠品水晶口杯,702-280,,件,
大号健悠品水晶口杯,702-320,,件,
特号健悠品水晶口杯,702-500,,件,
中号健悠品水晶办公杯,702B-320,,件,
中健悠品水晶休闲口杯,702A-220,,件,
富光加长玻璃口杯小号,FGH-2131,,件,
富光加长描金玻璃口杯小号,FGH-2131,,件,
富光立体玻璃口杯小号,FGH-2127,,件,
尊荣口杯,282-280,,件,
G008单层,G008-300,,件,
G008单层,G008-350,,件,
G008单层,G008-400,,件,
G008双层,G008-240A,,件,
G008双层,G008-200,,件,
G008双层,G008-280,,件,
G008大口单层,G008-520,,件,
G008大口单层,G008-360,,件,
G008大口双层,G008-320,,件,
G008大口双层,G008-260,,件,
中经典单层水晶口杯,G108-380,,件,
富光玻璃泡杯,G102-280,,件,
富光玻璃泡杯单层,G107-350,,件,
富光5P瓶壳,,红色,件,
富光5P瓶壳,,绿色,件,
上海5P瓶壳,,红色,件,
上海5P瓶壳,,绿色,件,
科大桶,,,件,
1.9大桶,,,件,
1.9大桶蓝,,,件,
25公斤油壶,,,件,
10公斤油壶,,,件,
5公斤油壶,,,件,
2.5公斤油壶,,,件,
精品5P,,,件,
8P瓶壳,,红色,件,
8P瓶壳,,绿色,件,
低脚痰盂,,,件,
低脚喷花痰盂,,,件,
大花壶,,,件,
小花壶,,,件,
小桶,,灰色,件,
小桶,,白色,件,
小桶,,蓝色,件,
漂浮,,,件,
特大暖壶,,,件,
大暖壶,,,件,
小暖壶,,,件,
8003安全帽,,红,件,
8003安全帽,,桔,件,
8003安全帽,,橙,件,
8003安全帽,,白,件,
8003安全帽,,蓝,件,
8004安全帽,,红,件,
8004安全帽,,桔,件,
8004安全帽,,橙,件,
8004安全帽,,白,件,
8004安全帽,,蓝,件,
8005安全帽,,红,件,
8005安全帽,,桔,件,
8005安全帽,,橙,件,
8005安全帽,,白,件,
8005安全帽,,蓝,件,
8006安全帽,,红,件,
8006安全帽,,桔,件,
8006安全帽,,橙,件,
8006安全帽,,白,件,
8006安全帽,,兰,件,
8004无内衬,,橙,件,
8004无内衬,,兰,件,
8004无内衬,,红,件,
8004无内衬,,白,件,
8004无内衬,,桔,件,
8005无内衬,,橙,件,
8005无内衬,,白,件,
8005无内衬,,桔,件,
8005无内衬,,红,件,
8005无内衬,,蓝,件,
8008安全帽,,红,件,
8008安全帽,,橙,件,
8008安全帽,,白,件,
8008安全帽,,桔,件,
8008安全帽,,蓝,件,
6003安全帽,,红,件,
6003安全帽,,橙,件,
6003安全帽,,白,件,
6003安全帽,,蓝,件,
6003安全帽,,桔,件,
动感铝盖500杯,,兰色,件,
动感铝盖500杯,,白色,件,
动感铝盖500杯,,蓝绿色,件,
动感铝盖650杯,,兰色,件,
动感铝盖650杯,,白色,件,
动感铝盖650杯,,蓝绿色,件,
动感铝盖800杯,,兰色,件,
动感铝盖800杯,,白色,件,
动感铝盖800杯,,蓝绿色,件,
动感铝盖1000杯,,兰色,件,
动感铝盖1000杯,,白色,件,
动感铝盖1000杯,,蓝绿色,件,